{"cameraMode":{"drawMode":0,"name":"Shaded","section":"Shading Mode"},"sceneLighting":true,"audioPlay":false,"sceneViewState":{"showFog":true,"showMaterialUpdate":false,"showSkybox":true,"showFlares":true,"showImageEffects":true,"showParticleSystems":true},"in2DMode":false,"pivot":{"x":-0.1365337371826172,"y":-3.587378978729248,"z":23.02215576171875},"rotation":{"x":0.20776039361953736,"y":0.032274942845106128,"z":-0.0068565248511731628,"w":0.9776316285133362},"size":7.885496139526367,"orthographic":false}