{"cameraMode":{"drawMode":0,"name":"Shaded","section":"Shading Mode"},"sceneLighting":false,"audioPlay":false,"sceneViewState":{"showFog":true,"showMaterialUpdate":false,"showSkybox":false,"showFlares":true,"showImageEffects":true,"showParticleSystems":true},"in2DMode":false,"pivot":{"x":3.4195377826690676,"y":-3.099608898162842,"z":2.5311975479125978},"rotation":{"x":0.323640912771225,"y":0.5677546858787537,"z":-0.258259654045105,"w":0.7115043997764587},"size":5.268220901489258,"orthographic":false}