{"cameraMode":{"drawMode":0,"name":"Shaded","section":"Shading Mode"},"sceneLighting":true,"audioPlay":false,"sceneViewState":{"showFog":true,"showMaterialUpdate":false,"showSkybox":true,"showFlares":true,"showImageEffects":true,"showParticleSystems":true},"in2DMode":false,"pivot":{"x":-0.5005994439125061,"y":2.0759730339050295,"z":-14.566081047058106},"rotation":{"x":-0.00022613327018916607,"y":-0.9998995661735535,"z":-0.026107091456651689,"w":-0.0004792692488990724},"size":7.577337265014648,"orthographic":false}